Name,Data and time,Latitude,Longitude
image1,28-04-20 06:12,1.675,104.43
image2,28-04-20 06:12,0.864,105.005
image3,28-04-20 06:13,0.104,105.543
image4,28-04-20 06:13,-0.706,106.117
image5,28-04-20 06:13,-1.466,106.656
image6,28-04-20 06:13,-2.277,107.23
image7,28-04-20 06:14,-3.036,107.77
image8,28-04-20 06:14,-3.846,108.346
image9,28-04-20 06:14,-4.604,108.888
image10,28-04-20 06:14,-5.413,109.467
image11,28-04-20 06:15,-6.17,110.011
image12,28-04-20 06:15,-7.027,110.63
image13,28-04-20 06:15,-7.783,111.179
image14,28-04-20 06:15,-8.588,111.766
image15,28-04-20 06:16,-9.342,112.319
image16,28-04-20 06:16,-10.145,112.912
image17,28-04-20 06:16,-10.896,113.471
image18,28-04-20 06:16,-11.696,114.07
image19,28-04-20 06:17,-12.495,114.674
image20,28-04-20 06:17,-13.242,115.243
image21,28-04-20 06:17,-14.037,115.855
image22,28-04-20 06:17,-14.781,116.432
image23,28-04-20 06:18,-15.572,117.053
image24,28-04-20 06:18,-16.312,117.64
image25,28-04-20 06:18,-17.099,118.272
image26,28-04-20 06:19,-17.834,118.869
image27,28-04-20 06:19,-18.616,119.513
image28,28-04-20 06:19,-19.347,120.122
image29,28-04-20 06:19,-20.123,120.778
image30,28-04-20 06:20,-20.849,121.4
image31,28-04-20 06:20,-21.619,122.07
image32,28-04-20 06:20,-22.387,122.748
image33,28-04-20 06:20,-23.151,123.435
image34,28-04-20 06:21,-23.863,124.087
image35,28-04-20 06:21,-24.62,124.79
image36,28-04-20 06:21,-25.326,125.458
image37,28-04-20 06:21,-26.074,126.18
image38,28-04-20 06:22,-26.772,126.866
image39,28-04-20 06:22,-27.512,127.608
image40,28-04-20 06:22,-28.202,128.314
image41,28-04-20 06:22,-28.932,129.078
image42,28-04-20 06:23,-29.658,129.853
image43,28-04-20 06:23,-30.333,130.591
image44,28-04-20 06:23,-31.047,131.39
image45,28-04-20 06:23,-31.712,132.151
image46,28-04-20 06:24,-32.415,132.976
image47,28-04-20 06:24,-33.068,133.762
image48,28-04-20 06:24,-33.758,134.614
image49,28-04-20 06:24,-34.399,135.427
image50,28-04-20 06:25,-35.118,136.364
image51,28-04-20 06:25,-35.744,137.206
image52,28-04-20 06:25,-36.406,138.119
image53,28-04-20 06:26,-37.018,138.991
image54,28-04-20 06:26,-37.663,139.937
image55,28-04-20 06:26,-38.26,140.84
image56,28-04-20 06:26,-38.887,141.821
image57,28-04-20 06:27,-39.467,142.757
image58,28-04-20 06:27,-40.075,143.775
image59,28-04-20 06:27,-40.636,144.746
image60,28-04-20 06:27,-41.225,145.801
image61,28-04-20 06:28,-41.766,146.808
image62,28-04-20 06:28,-42.332,147.903
image63,28-04-20 06:28,-42.852,148.948
image64,28-04-20 06:28,-43.395,150.083
image65,28-04-20 06:29,-43.892,151.166
image66,28-04-20 06:29,-44.41,152.343
image67,28-04-20 06:29,-44.882,153.467
image68,28-04-20 06:29,-45.372,154.686
image69,28-04-20 06:30,-45.819,155.85
image70,28-04-20 06:30,-46.28,157.112
image71,28-04-20 06:30,-46.726,158.397
image72,28-04-20 06:30,-47.129,159.621
image73,28-04-20 06:31,-47.542,160.948
image74,28-04-20 06:31,-47.939,162.297
image75,28-04-20 06:31,-48.295,163.581
image76,28-04-20 06:32,-48.657,164.971
image77,28-04-20 06:32,-48.979,166.293
image78,28-04-20 06:32,-49.304,167.722
image79,28-04-20 06:32,-49.591,169.08
image80,28-04-20 06:33,-49.878,170.546
image81,28-04-20 06:33,-50.128,171.936
image82,28-04-20 06:33,-50.375,173.435
image83,28-04-20 06:33,-50.587,174.855
image84,28-04-20 06:34,-50.793,176.383
image85,28-04-20 06:34,-50.965,177.828
image86,28-04-20 06:34,-51.128,179.381
image87,28-04-20 06:34,-51.259,-179.153
image88,28-04-20 06:35,-51.378,-177.581
image89,28-04-20 06:35,-51.468,-176.1
image90,28-04-20 06:35,-51.542,-174.514
image91,28-04-20 06:35,-51.59,-173.024
image92,28-04-20 06:36,-51.618,-171.431
image93,28-04-20 06:36,-51.624,-169.937
image94,28-04-20 06:36,-51.607,-168.343
image95,28-04-20 06:36,-51.57,-166.851
image96,28-04-20 06:37,-51.507,-165.263
image97,28-04-20 06:37,-51.428,-163.779
image98,28-04-20 06:37,-51.321,-162.203
image99,28-04-20 06:37,-51.2,-160.733
image100,28-04-20 06:38,-51.048,-159.175
image101,28-04-20 06:38,-50.886,-157.724
image102,28-04-20 06:38,-50.692,-156.189
image103,28-04-20 06:38,-50.49,-154.763
image104,28-04-20 06:39,-50.254,-153.256
image105,28-04-20 06:39,-50.013,-151.858
image106,28-04-20 06:39,-49.736,-150.383
image107,28-04-20 06:40,-49.458,-149.017
image108,28-04-20 06:40,-49.143,-147.579
image109,28-04-20 06:40,-48.808,-146.16
image110,28-04-20 06:40,-48.454,-144.761
image111,28-04-20 06:41,-48.106,-143.469
image112,28-04-20 06:41,-47.717,-142.11
image113,28-04-20 06:41,-47.337,-140.857
image114,28-04-20 06:41,-46.915,-139.541
image115,28-04-20 06:42,-46.504,-138.327
image116,28-04-20 06:42,-46.051,-137.054
image117,28-04-20 06:42,-45.611,-135.881
image118,28-04-20 06:42,-45.129,-134.65
image119,28-04-20 06:43,-44.663,-133.517
image120,28-04-20 06:43,-44.152,-132.33
image121,28-04-20 06:43,-43.661,-131.236
image122,28-04-20 06:43,-43.125,-130.091
image123,28-04-20 06:44,-42.611,-129.036
image124,28-04-20 06:44,-42.051,-127.932
image125,28-04-20 06:44,-41.515,-126.915
image126,28-04-20 06:44,-40.932,-125.85
image127,28-04-20 06:45,-40.376,-124.87
image128,28-04-20 06:45,-39.773,-123.844
image129,28-04-20 06:45,-39.198,-122.899
image130,28-04-20 06:45,-38.576,-121.909
image131,28-04-20 06:46,-37.984,-120.998
image132,28-04-20 06:46,-37.344,-120.043
image133,28-04-20 06:46,-36.735,-119.164
image134,28-04-20 06:47,-36.079,-118.243
image135,28-04-20 06:47,-35.456,-117.394
image136,28-04-20 06:47,-34.784,-116.504
image137,28-04-20 06:47,-34.147,-115.684
image138,28-04-20 06:48,-33.461,-114.823
image139,28-04-20 06:48,-32.812,-114.03
image140,28-04-20 06:48,-32.113,-113.198
image141,28-04-20 06:48,-31.452,-112.43
image142,28-04-20 06:49,-30.741,-111.624
image143,28-04-20 06:49,-30.069,-110.879
image144,28-04-20 06:49,-29.347,-110.098
image145,28-04-20 06:49,-28.665,-109.376
image146,28-04-20 06:50,-27.933,-108.617
image147,28-04-20 06:50,-27.243,-107.915
image148,28-04-20 06:50,-26.501,-107.178
image149,28-04-20 06:50,-25.802,-106.495
image150,28-04-20 06:51,-25.052,-105.777
image151,28-04-20 06:51,-24.299,-105.069
image152,28-04-20 06:51,-23.588,-104.413
image153,28-04-20 06:51,-22.827,-103.722
image154,28-04-20 06:52,-22.11,-103.082
image155,28-04-20 06:52,-21.342,-102.407
image156,28-04-20 06:52,-20.619,-101.781
image157,28-04-20 06:52,-19.844,-101.12
image158,28-04-20 06:53,-19.116,-100.508
image159,28-04-20 06:53,-18.336,-99.861
image160,28-04-20 06:53,-17.602,-99.26
image161,28-04-20 06:53,-16.818,-98.625
image162,28-04-20 06:54,-16.08,-98.035
image163,28-04-20 06:54,-15.29,-97.411
image164,28-04-20 06:54,-14.548,-96.831
image165,28-04-20 06:55,-13.755,-96.217
image166,28-04-20 06:55,-13.009,-95.645
image167,28-04-20 06:55,-12.262,-95.077
image168,28-04-20 06:55,-11.464,-94.475
image169,28-04-20 06:56,-10.714,-93.914
image170,28-04-20 06:56,-9.912,-93.32
image171,28-04-20 06:56,-9.16,-92.765
image172,28-04-20 06:56,-8.356,-92.176
image173,28-04-20 06:57,-7.601,-91.627
image174,28-04-20 06:57,-6.796,-91.043
image175,28-04-20 06:57,-6.039,-90.497
image176,28-04-20 06:57,-5.232,-89.917
image177,28-04-20 06:58,-4.474,-89.375
image178,28-04-20 06:58,-3.665,-88.798
image179,28-04-20 06:58,-2.907,-88.259
image180,28-04-20 06:58,-2.097,-87.684
image181,28-04-20 06:59,-1.338,-87.145
image182,28-04-20 06:59,-0.528,-86.571
image183,28-04-20 06:59,0.232,-86.033
image184,28-04-20 06:59,1.042,-85.459
image185,28-04-20 07:00,1.801,-84.921
image186,28-04-20 07:00,2.611,-84.346
image187,28-04-20 07:00,3.37,-83.807
image188,28-04-20 07:00,4.179,-83.23
image189,28-04-20 07:01,4.988,-82.652
image190,28-04-20 07:01,5.745,-82.109
image191,28-04-20 07:01,6.552,-81.527
image192,28-04-20 07:01,7.309,-80.98
image193,28-04-20 07:02,8.114,-80.395
image194,28-04-20 07:02,8.869,-79.843
image195,28-04-20 07:02,9.672,-79.252
image196,28-04-20 07:03,10.424,-78.695
image197,28-04-20 07:03,11.226,-78.097
image198,28-04-20 07:03,11.975,-77.534
image199,28-04-20 07:03,12.773,-76.929
image200,28-04-20 07:04,13.52,-76.358
image201,28-04-20 07:04,14.265,-75.783
image202,28-04-20 07:04,15.058,-75.165
image203,28-04-20 07:04,15.8,-74.581
image204,28-04-20 07:05,16.589,-73.952
image205,28-04-20 07:05,17.326,-73.358
image206,28-04-20 07:05,18.11,-72.718
image207,28-04-20 07:05,18.843,-72.113
image208,28-04-20 07:06,19.622,-71.461
image209,28-04-20 07:06,20.399,-70.801
image210,28-04-20 07:06,21.124,-70.176
image211,28-04-20 07:06,21.894,-69.502
image212,28-04-20 07:07,22.613,-68.863
image213,28-04-20 07:07,23.376,-68.173
image214,28-04-20 07:07,24.089,-67.518
image215,28-04-20 07:07,24.845,-66.811
image216,28-04-20 07:08,25.551,-66.139
image217,28-04-20 07:08,26.299,-65.413
image218,28-04-20 07:08,26.997,-64.723
image219,28-04-20 07:08,27.736,-63.977
image220,28-04-20 07:09,28.425,-63.267
image221,28-04-20 07:09,29.155,-62.499
image222,28-04-20 07:09,29.835,-61.767
image223,28-04-20 07:09,30.51,-61.025
image224,28-04-20 07:10,31.224,-60.222
image225,28-04-20 07:10,31.977,-59.353
image226,28-04-20 07:10,32.635,-58.574
image227,28-04-20 07:11,33.287,-57.782
image228,28-04-20 07:11,33.977,-56.923
image229,28-04-20 07:11,34.616,-56.104
image230,28-04-20 07:11,35.292,-55.216
image231,28-04-20 07:12,35.918,-54.369
image232,28-04-20 07:12,36.579,-53.449
image233,28-04-20 07:12,37.19,-52.571
image234,28-04-20 07:12,37.834,-51.618
image235,28-04-20 07:13,38.43,-50.708
image236,28-04-20 07:13,39.056,-49.72
image237,28-04-20 07:13,39.673,-48.713
image238,28-04-20 07:13,40.242,-47.752
image239,28-04-20 07:14,40.838,-46.707
image240,28-04-20 07:14,41.388,-45.71
image241,28-04-20 07:14,41.963,-44.626
image242,28-04-20 07:14,42.492,-43.591
image243,28-04-20 07:15,43.044,-42.466
image244,28-04-20 07:15,43.55,-41.393
image245,28-04-20 07:15,44.078,-40.227
image246,28-04-20 07:15,44.56,-39.114
image247,28-04-20 07:16,45.061,-37.905
image248,28-04-20 07:16,45.517,-36.752
image249,28-04-20 07:16,45.989,-35.5
image250,28-04-20 07:16,46.418,-34.306
image251,28-04-20 07:17,46.86,-33.01
image252,28-04-20 07:17,47.286,-31.693
image253,28-04-20 07:17,47.669,-30.438
image254,28-04-20 07:18,48.061,-29.078
image255,28-04-20 07:18,48.413,-27.784
image256,28-04-20 07:18,48.77,-26.383
image257,28-04-20 07:18,49.108,-24.961
image258,28-04-20 07:19,49.407,-23.61
image259,28-04-20 07:19,49.707,-22.151
image260,28-04-20 07:19,49.97,-20.766
image261,28-04-20 07:19,50.23,-19.272
image262,28-04-20 07:20,50.455,-17.857
image263,28-04-20 07:20,50.673,-16.332
image264,28-04-20 07:20,50.87,-14.793
image265,28-04-20 07:20,51.035,-13.338
image266,28-04-20 07:21,51.188,-11.776
image267,28-04-20 07:21,51.319,-10.203
image268,28-04-20 07:21,51.421,-8.721
image269,28-04-20 07:21,51.507,-7.133
image270,28-04-20 07:22,51.566,-5.639
image271,28-04-20 07:22,51.607,-4.042
image272,28-04-20 07:22,51.624,-2.443
image273,28-04-20 07:22,51.618,-0.944
image274,28-04-20 07:23,51.589,0.655
image275,28-04-20 07:23,51.541,2.15
image276,28-04-20 07:23,51.467,3.741
image277,28-04-20 07:24,51.376,5.227
image278,28-04-20 07:24,51.257,6.804
image279,28-04-20 07:24,51.124,8.275
image280,28-04-20 07:24,50.96,9.833
image281,28-04-20 07:25,50.787,11.282
image282,28-04-20 07:25,50.58,12.815
image283,28-04-20 07:25,50.367,14.239
image284,28-04-20 07:25,50.118,15.743
image285,28-04-20 07:26,49.866,17.137
image286,28-04-20 07:26,49.578,18.607
image287,28-04-20 07:26,49.269,20.058
image288,28-04-20 07:26,48.962,21.401
image289,28-04-20 07:27,48.615,22.814
image290,28-04-20 07:27,48.273,24.12
image291,28-04-20 07:27,47.891,25.492
image292,28-04-20 07:27,47.517,26.759
image293,28-04-20 07:28,47.101,28.089
image294,28-04-20 07:28,46.668,29.397
image295,28-04-20 07:28,46.247,30.603
image296,28-04-20 07:28,45.783,31.868
image297,28-04-20 07:29,45.335,33.033
image298,28-04-20 07:29,44.842,34.255
image299,28-04-20 07:29,44.367,35.38
image300,28-04-20 07:29,43.847,36.558
image301,28-04-20 07:30,43.313,37.715
image302,28-04-20 07:30,42.767,38.85
image303,28-04-20 07:30,42.244,39.895
image304,28-04-20 07:31,41.674,40.99
image305,28-04-20 07:31,41.129,41.997
image306,28-04-20 07:31,40.538,43.052
image307,28-04-20 07:31,39.973,44.023
image308,28-04-20 07:32,39.361,45.04
image309,28-04-20 07:32,38.779,45.976
image310,28-04-20 07:32,38.148,46.956
image311,28-04-20 07:32,37.508,47.918
image312,28-04-20 07:33,36.9,48.804
image313,28-04-20 07:33,36.244,49.733
image314,28-04-20 07:33,35.621,50.588
image315,28-04-20 07:33,34.949,51.485
image316,28-04-20 07:34,34.312,52.311
image317,28-04-20 07:34,33.626,53.177
image318,28-04-20 07:34,32.976,53.976
image319,28-04-20 07:34,32.277,54.814
image320,28-04-20 07:35,31.615,55.587
image321,28-04-20 07:35,30.904,56.399
image322,28-04-20 07:35,30.187,57.197
image323,28-04-20 07:35,29.509,57.935
image324,28-04-20 07:36,28.781,58.709
image325,28-04-20 07:36,28.094,59.425
image326,28-04-20 07:36,27.356,60.177
image327,28-04-20 07:36,26.661,60.872
image328,28-04-20 07:37,25.914,61.604
image329,28-04-20 07:37,25.21,62.28
image330,28-04-20 07:37,24.455,62.992
image331,28-04-20 07:38,23.744,63.652
image332,28-04-20 07:38,22.982,64.346
image333,28-04-20 07:38,22.264,64.989
image334,28-04-20 07:38,21.495,65.668
image335,28-04-20 07:39,20.723,66.338
image336,28-04-20 07:39,19.996,66.96
image337,28-04-20 07:39,19.217,67.616
image338,28-04-20 07:39,18.485,68.225
image339,28-04-20 07:40,17.702,68.868
image340,28-04-20 07:40,16.965,69.465
image341,28-04-20 07:40,16.177,70.096
image342,28-04-20 07:40,15.386,70.722
image343,28-04-20 07:41,14.643,71.304
image344,28-04-20 07:41,13.849,71.92
image345,28-04-20 07:41,13.102,72.493
image346,28-04-20 07:41,12.304,73.1
image347,28-04-20 07:42,11.555,73.666
image348,28-04-20 07:42,10.754,74.265
image349,28-04-20 07:42,10.002,74.824
image350,28-04-20 07:42,9.198,75.417
image351,28-04-20 07:43,8.393,76.006
image352,28-04-20 07:43,7.638,76.557
image353,28-04-20 07:43,6.831,77.141
image354,28-04-20 07:43,6.074,77.688
image355,28-04-20 07:44,5.266,78.268
image356,28-04-20 07:44,4.507,78.811
image357,28-04-20 07:44,3.698,79.389
image358,28-04-20 07:45,2.939,79.929
image359,28-04-20 07:45,2.129,80.505
image360,28-04-20 07:45,1.369,81.044
image361,28-04-20 07:45,0.558,81.618
image362,28-04-20 07:46,-0.202,82.156
image363,28-04-20 07:46,-1.012,82.73
image364,28-04-20 07:46,-1.772,83.269
image365,28-04-20 07:46,-2.582,83.844
image366,28-04-20 07:47,-3.342,84.384
image367,28-04-20 07:47,-4.151,84.961
image368,28-04-20 07:47,-4.909,85.503
image369,28-04-20 07:47,-5.718,86.082
image370,28-04-20 07:48,-6.475,86.628
image371,28-04-20 07:48,-7.282,87.211
image372,28-04-20 07:48,-8.087,87.797
image373,28-04-20 07:48,-8.842,88.348
image374,28-04-20 07:49,-9.645,88.939
image375,28-04-20 07:49,-10.398,89.496
image376,28-04-20 07:49,-11.199,90.093
image377,28-04-20 07:49,-11.998,90.694
image378,28-04-20 07:50,-12.746,91.261
image379,28-04-20 07:50,-13.592,91.908
image380,28-04-20 07:50,-14.337,92.483
image381,28-04-20 07:50,-15.129,93.101
image382,28-04-20 07:51,-15.87,93.686
image383,28-04-20 07:51,-16.658,94.314
image384,28-04-20 07:51,-17.444,94.948
image385,28-04-20 07:52,-18.179,95.548
image386,28-04-20 07:52,-18.959,96.194
image387,28-04-20 07:52,-19.689,96.806
image388,28-04-20 07:52,-20.464,97.465
image389,28-04-20 07:53,-21.188,98.09
image390,28-04-20 07:53,-21.958,98.764
image391,28-04-20 07:53,-22.723,99.446
image392,28-04-20 07:53,-23.438,100.093
image393,28-04-20 07:54,-24.197,100.792
image394,28-04-20 07:54,-24.905,101.455
image395,28-04-20 07:54,-25.656,102.171
image396,28-04-20 07:54,-26.356,102.852
image397,28-04-20 07:55,-27.099,103.588
image398,28-04-20 07:55,-27.79,104.288
image399,28-04-20 07:55,-28.524,105.045
image400,28-04-20 07:55,-29.207,105.765
image401,28-04-20 07:56,-29.93,106.545
image402,28-04-20 07:56,-30.648,107.337
image403,28-04-20 07:56,-31.316,108.092
image404,28-04-20 07:56,-32.022,108.909
image405,28-04-20 07:57,-32.679,109.688
image406,28-04-20 07:57,-33.373,110.532
image407,28-04-20 07:57,-34.06,111.391
image408,28-04-20 07:57,-34.698,112.209
image409,28-04-20 07:58,-35.371,113.098
image410,28-04-20 07:58,-35.995,113.945
image411,28-04-20 07:58,-36.653,114.865
image412,28-04-20 07:59,-37.303,115.802
image413,28-04-20 07:59,-37.904,116.695
image414,28-04-20 07:59,-38.537,117.666
image415,28-04-20 07:59,-39.16,118.655
image416,28-04-20 08:00,-39.736,119.599
image417,28-04-20 08:00,-40.34,120.625
image418,28-04-20 08:00,-40.933,121.67
image419,28-04-20 08:00,-41.48,122.668
image420,28-04-20 08:01,-42.052,123.752
image421,28-04-20 08:01,-42.612,124.857
image422,28-04-20 08:01,-43.127,125.912
image423,28-04-20 08:01,-43.663,127.058
image424,28-04-20 08:02,-44.154,128.152
image425,28-04-20 08:02,-44.665,129.34
image426,28-04-20 08:02,-45.161,130.55
image427,28-04-20 08:02,-45.613,131.704
image428,28-04-20 08:03,-46.081,132.957
image429,28-04-20 08:03,-46.506,134.151
image430,28-04-20 08:03,-46.944,135.447
image431,28-04-20 08:03,-47.339,136.682
image432,28-04-20 08:04,-47.744,138.02
image433,28-04-20 08:04,-48.108,139.294
image434,28-04-20 08:04,-48.479,140.674
image435,28-04-20 08:05,-48.81,141.986
image436,28-04-20 08:05,-49.145,143.406
image437,28-04-20 08:05,-49.46,144.845
image438,28-04-20 08:05,-49.738,146.211
image439,28-04-20 08:06,-50.015,147.686
image440,28-04-20 08:06,-50.255,149.084
image441,28-04-20 08:06,-50.491,150.591
image442,28-04-20 08:06,-50.693,152.018
image443,28-04-20 08:07,-50.888,153.553
image444,28-04-20 08:07,-51.05,155.004
image445,28-04-20 08:07,-51.192,156.465
image446,28-04-20 08:07,-51.322,158.033
image447,28-04-20 08:08,-51.423,159.51
image448,28-04-20 08:08,-51.508,161.093
image449,28-04-20 08:08,-51.57,162.681
image450,28-04-20 08:08,-51.607,164.173
image451,28-04-20 08:09,-51.624,165.767
image452,28-04-20 08:09,-51.618,167.261
image453,28-04-20 08:09,-51.589,168.854
image454,28-04-20 08:09,-51.541,170.344
image455,28-04-20 08:10,-51.467,171.93
image456,28-04-20 08:10,-51.377,173.411
image457,28-04-20 08:10,-51.258,174.983
image458,28-04-20 08:10,-51.126,176.448
image459,28-04-20 08:11,-50.964,178.001
image460,28-04-20 08:11,-50.791,179.446
image461,28-04-20 08:11,-50.586,-179.026
image462,28-04-20 08:11,-50.374,-177.607
image463,28-04-20 08:12,-50.127,-176.108
image464,28-04-20 08:12,-49.876,-174.718
image465,28-04-20 08:12,-49.589,-173.252
image466,28-04-20 08:13,-49.302,-171.895
image467,28-04-20 08:13,-48.977,-170.466
image468,28-04-20 08:13,-48.655,-169.145
image469,28-04-20 08:13,-48.293,-167.755
image470,28-04-20 08:14,-47.937,-166.472
image471,28-04-20 08:14,-47.566,-165.207
image472,28-04-20 08:14,-47.153,-163.878
image473,28-04-20 08:14,-46.751,-162.653
image474,28-04-20 08:15,-46.306,-161.368
image475,28-04-20 08:15,-45.875,-160.182
image476,28-04-20 08:15,-45.401,-158.94
image477,28-04-20 08:15,-44.942,-157.795
image478,28-04-20 08:16,-44.44,-156.595
image479,28-04-20 08:16,-43.956,-155.49
image480,28-04-20 08:16,-43.427,-154.333
image481,28-04-20 08:16,-42.919,-153.267
image482,28-04-20 08:17,-42.366,-152.151
image483,28-04-20 08:17,-41.836,-151.123
image484,28-04-20 08:17,-41.26,-150.047
image485,28-04-20 08:17,-40.71,-149.057
image486,28-04-20 08:18,-40.112,-148.02
image487,28-04-20 08:18,-39.543,-147.065
image488,28-04-20 08:18,-38.926,-146.065
image489,28-04-20 08:18,-38.338,-145.144
image490,28-04-20 08:19,-37.703,-144.179
image491,28-04-20 08:19,-37.099,-143.291
image492,28-04-20 08:19,-36.447,-142.36
image493,28-04-20 08:19,-35.829,-141.503
image494,28-04-20 08:20,-35.161,-140.604
image495,28-04-20 08:20,-34.443,-139.666
image496,28-04-20 08:20,-33.803,-138.853
image497,28-04-20 08:21,-33.157,-138.053
image498,28-04-20 08:21,-32.461,-137.213
image499,28-04-20 08:21,-31.803,-136.439
image500,28-04-20 08:21,-31.095,-135.626
image501,28-04-20 08:22,-30.426,-134.876
image502,28-04-20 08:22,-29.707,-134.088
image503,28-04-20 08:22,-29.028,-133.361
image504,28-04-20 08:22,-28.298,-132.596
image505,28-04-20 08:23,-27.61,-131.89
image506,28-04-20 08:23,-26.871,-131.147
image507,28-04-20 08:23,-26.174,-130.46
image508,28-04-20 08:23,-25.426,-129.737
image509,28-04-20 08:24,-24.721,-129.068
image510,28-04-20 08:24,-23.965,-128.363
image511,28-04-20 08:24,-23.253,-127.711
image512,28-04-20 08:24,-22.49,-127.024
image513,28-04-20 08:25,-21.772,-126.387
image514,28-04-20 08:25,-21.002,-125.715
image515,28-04-20 08:25,-20.278,-125.093
image516,28-04-20 08:25,-19.503,-124.435
image517,28-04-20 08:26,-18.773,-123.825
image518,28-04-20 08:26,-17.992,-123.181
image519,28-04-20 08:26,-17.257,-122.583
image520,28-04-20 08:26,-16.471,-121.951
image521,28-04-20 08:27,-15.732,-121.363
image522,28-04-20 08:27,-14.942,-120.742
image523,28-04-20 08:27,-14.199,-120.163
image524,28-04-20 08:28,-13.405,-119.551
image525,28-04-20 08:28,-12.659,-118.981
image526,28-04-20 08:28,-11.861,-118.377
image527,28-04-20 08:28,-11.112,-117.815
image528,28-04-20 08:29,-10.311,-117.219
image529,28-04-20 08:29,-9.559,-116.662
image530,28-04-20 08:29,-8.756,-116.072
image531,28-04-20 08:29,-8.002,-115.521
image532,28-04-20 08:30,-7.196,-114.936
image533,28-04-20 08:30,-6.44,-114.39
image534,28-04-20 08:30,-5.633,-113.809
image535,28-04-20 08:30,-4.876,-113.266
image536,28-04-20 08:31,-4.068,-112.689
image537,28-04-20 08:31,-3.259,-112.112
image538,28-04-20 08:31,-2.5,-111.573
image539,28-04-20 08:31,-1.69,-110.998
image540,28-04-20 08:32,-0.931,-110.46
image541,28-04-20 08:32,-0.121,-109.886
image542,28-04-20 08:32,0.639,-109.348
image543,28-04-20 08:32,1.449,-108.774
image544,28-04-20 08:33,2.208,-108.236
image545,28-04-20 08:33,3.018,-107.66
image546,28-04-20 08:33,3.777,-107.12
image547,28-04-20 08:33,4.586,-106.543
image548,28-04-20 08:34,5.343,-106
image549,28-04-20 08:34,6.151,-105.42
image550,28-04-20 08:34,6.908,-104.874
image551,28-04-20 08:35,7.714,-104.29
image552,28-04-20 08:35,8.469,-103.739
image553,28-04-20 08:35,9.273,-103.15
image554,28-04-20 08:35,10.026,-102.594
image555,28-04-20 08:36,10.827,-101.998
image556,28-04-20 08:36,11.578,-101.437
image557,28-04-20 08:36,12.377,-100.834
image558,28-04-20 08:36,13.124,-100.265
image559,28-04-20 08:37,13.92,-99.653
image560,28-04-20 08:37,14.664,-99.076
image561,28-04-20 08:37,15.407,-98.495
image562,28-04-20 08:37,16.197,-97.869
image563,28-04-20 08:38,16.935,-97.277
image564,28-04-20 08:38,17.721,-96.641
image565,28-04-20 08:38,18.455,-96.038
image566,28-04-20 08:38,19.235,-95.389
image567,28-04-20 08:39,19.965,-94.775
image568,28-04-20 08:39,20.739,-94.112
image569,28-04-20 08:39,21.463,-93.484
image570,28-04-20 08:39,22.232,-92.807
image571,28-04-20 08:40,22.95,-92.164
image572,28-04-20 08:40,23.712,-91.47
image573,28-04-20 08:40,24.47,-90.768
image574,28-04-20 08:40,25.177,-90.1
image575,28-04-20 08:41,25.928,-89.379
image576,28-04-20 08:41,26.627,-88.694
image577,28-04-20 08:41,27.369,-87.953
image578,28-04-20 08:41,28.06,-87.248
image579,28-04-20 08:42,28.793,-86.486
image580,28-04-20 08:42,29.475,-85.76
image581,28-04-20 08:42,30.198,-84.974
image582,28-04-20 08:43,30.87,-84.226
image583,28-04-20 08:43,31.581,-83.416
image584,28-04-20 08:43,32.243,-82.644
image585,28-04-20 08:43,32.942,-81.807
image586,28-04-20 08:44,33.592,-81.009
image587,28-04-20 08:44,34.278,-80.144
image588,28-04-20 08:44,34.915,-79.319
image589,28-04-20 08:44,35.587,-78.423
image590,28-04-20 08:45,36.21,-77.569
image591,28-04-20 08:45,36.867,-76.642
image592,28-04-20 08:45,37.475,-75.757
image593,28-04-20 08:45,38.115,-74.796
image594,28-04-20 08:46,38.707,-73.879
image595,28-04-20 08:46,39.329,-72.883
image596,28-04-20 08:46,39.941,-71.867
image597,28-04-20 08:46,40.506,-70.898
image598,28-04-20 08:47,41.098,-69.844
image599,28-04-20 08:47,41.643,-68.838
image600,28-04-20 08:47,42.213,-67.746
image601,28-04-20 08:47,42.737,-66.702
image602,28-04-20 08:48,43.283,-65.568
image603,28-04-20 08:48,43.817,-64.413
image604,28-04-20 08:48,44.306,-63.31
image605,28-04-20 08:48,44.814,-62.112
image606,28-04-20 08:49,45.277,-60.969
image607,28-04-20 08:49,45.757,-59.728
image608,28-04-20 08:49,46.193,-58.545
image609,28-04-20 08:50,46.642,-57.261
image610,28-04-20 08:50,47.076,-55.954
image611,28-04-20 08:50,47.493,-54.626
image612,28-04-20 08:50,47.893,-53.275
image613,28-04-20 08:51,48.252,-51.99
image614,28-04-20 08:51,48.617,-50.598
image615,28-04-20 08:51,48.942,-49.274
image616,28-04-20 08:51,49.27,-47.842
image617,28-04-20 08:52,49.56,-46.483
image618,28-04-20 08:52,49.85,-45.014
image619,28-04-20 08:52,50.103,-43.621
image620,28-04-20 08:52,50.353,-42.119
image621,28-04-20 08:53,50.581,-40.6
image622,28-04-20 08:53,50.775,-39.163
image623,28-04-20 08:53,50.961,-37.618
image624,28-04-20 08:53,51.115,-36.158
image625,28-04-20 08:54,51.257,-34.59
image626,28-04-20 08:54,51.376,-33.012
image627,28-04-20 08:54,51.467,-31.527
image628,28-04-20 08:54,51.541,-29.936
image629,28-04-20 08:55,51.59,-28.44
image630,28-04-20 08:55,51.618,-26.842
image631,28-04-20 08:55,51.624,-25.342
image632,28-04-20 08:55,51.607,-23.743
image633,28-04-20 08:56,51.569,-22.246
image634,28-04-20 08:56,51.507,-20.653
image635,28-04-20 08:56,51.427,-19.164
image636,28-04-20 08:57,51.319,-17.582
image637,28-04-20 08:57,51.188,-16.01
image638,28-04-20 08:57,51.045,-14.544
image639,28-04-20 08:57,50.87,-12.992
image640,28-04-20 08:58,50.686,-11.549
image641,28-04-20 08:58,50.468,-10.023
image642,28-04-20 08:58,50.244,-8.606
image643,28-04-20 08:58,49.985,-7.111
image644,28-04-20 08:59,49.724,-5.725
image645,28-04-20 08:59,49.425,-4.265
image646,28-04-20 08:59,49.106,-2.823
image647,28-04-20 08:59,48.79,-1.49
image648,28-04-20 09:00,48.434,-0.087
image649,28-04-20 09:00,48.06,1.294
image650,28-04-20 09:00,47.692,2.57
image651,28-04-20 09:00,47.284,3.91
image652,28-04-20 09:01,46.885,5.146
image653,28-04-20 09:01,46.444,6.442
image654,28-04-20 09:01,46.016,7.638
image655,28-04-20 09:01,45.514,8.969
image656,28-04-20 09:02,45.058,10.123
image657,28-04-20 09:02,44.557,11.332
image658,28-04-20 09:02,44.074,12.445
image659,28-04-20 09:03,43.547,13.611
image660,28-04-20 09:03,43.04,14.685
image661,28-04-20 09:03,42.488,15.81
image662,28-04-20 09:03,41.959,16.845
image663,28-04-20 09:04,41.383,17.929
image664,28-04-20 09:04,40.796,18.992
image665,28-04-20 09:04,40.236,19.971
image666,28-04-20 09:04,39.629,20.996
image667,28-04-20 09:05,39.05,21.94
image668,28-04-20 09:05,38.423,22.928
image669,28-04-20 09:05,37.828,23.838
image670,28-04-20 09:05,37.183,24.792
image671,28-04-20 09:06,36.571,25.67
image672,28-04-20 09:06,35.911,26.59
image673,28-04-20 09:06,35.284,27.437
image674,28-04-20 09:06,34.608,28.326
image675,28-04-20 09:07,33.968,29.145
image676,28-04-20 09:07,33.278,30.004
image677,28-04-20 09:07,32.625,30.796
image678,28-04-20 09:07,31.923,31.627
image679,28-04-20 09:08,31.258,32.393
image680,28-04-20 09:08,30.544,33.198
image681,28-04-20 09:08,29.824,33.991
image682,28-04-20 09:08,29.144,34.722
image683,28-04-20 09:09,28.413,35.49
image684,28-04-20 09:09,27.724,36.201
image685,28-04-20 09:09,26.984,36.947
image686,28-04-20 09:09,26.286,37.637
image687,28-04-20 09:10,25.537,38.364
